{"cameraMode":{"drawMode":0,"name":"Shaded","section":"Shading Mode"},"sceneLighting":true,"audioPlay":false,"sceneViewState":{"showFog":false,"showMaterialUpdate":false,"showSkybox":false,"showFlares":false,"showImageEffects":false,"showParticleSystems":true},"in2DMode":false,"pivot":{"x":1.600000023841858,"y":3.200000047683716,"z":-21.899999618530275},"rotation":{"x":-0.05649368837475777,"y":0.9434851408004761,"z":-0.23419876396656037,"w":-0.22758838534355164},"size":57.823028564453128,"orthographic":false}